,Normal,Pathological,Suspect,accuracy,macro avg,weighted avg
precision,0.9067055393586005,0.9285714285714286,0.7090909090909091,0.8826291079812206,0.8481226256736462,0.8768039280830312
recall,0.9539877300613497,0.8125,0.5735294117647058,0.8826291079812206,0.7800057139420185,0.8826291079812206
f1-score,0.929745889387145,0.8666666666666667,0.6341463414634146,0.8826291079812206,0.8101862991724088,0.8778226396550582
support,326.0,32.0,68.0,0.8826291079812206,426.0,426.0
