,Normal,Pathological,Suspect,accuracy,macro avg,weighted avg
precision,0.9391304347826087,0.90625,0.8979591836734694,0.931924882629108,0.9144465394853594,0.9300886061711886
recall,0.9938650306748467,0.90625,0.6470588235294118,0.931924882629108,0.8490579514014195,0.931924882629108
f1-score,0.9657228017883756,0.90625,0.7521367521367521,0.931924882629108,0.8747031846417093,0.9271618134467361
support,326.0,32.0,68.0,0.931924882629108,426.0,426.0
